aws-coldstart-java-dev-memory-512,Tue Mar 27 2018 10:50:00 GMT+0000 (UTC),1159.23
aws-coldstart-java-dev-memory-512,Tue Mar 27 2018 10:51:00 GMT+0000 (UTC),1759.13
aws-coldstart-java-dev-memory-512,Tue Mar 27 2018 10:52:00 GMT+0000 (UTC),1733.15
aws-coldstart-java-dev-memory-512,Tue Mar 27 2018 10:53:00 GMT+0000 (UTC),1561.3
aws-coldstart-java-dev-memory-512,Tue Mar 27 2018 10:54:00 GMT+0000 (UTC),1671.85
aws-coldstart-java-dev-memory-512,Tue Mar 27 2018 10:56:00 GMT+0000 (UTC),1599.49
aws-coldstart-java-dev-memory-512,Tue Mar 27 2018 10:57:00 GMT+0000 (UTC),1586.96
aws-coldstart-java-dev-memory-512,Tue Mar 27 2018 10:58:00 GMT+0000 (UTC),1625.36
aws-coldstart-java-dev-memory-512,Tue Mar 27 2018 14:33:00 GMT+0000 (UTC),1222.5
aws-coldstart-java-dev-memory-512,Tue Mar 27 2018 14:35:00 GMT+0000 (UTC),1526.07
aws-coldstart-java-dev-memory-512,Tue Mar 27 2018 14:36:00 GMT+0000 (UTC),1673.57
aws-coldstart-java-dev-memory-512,Tue Mar 27 2018 14:37:00 GMT+0000 (UTC),1596.8
aws-coldstart-java-dev-memory-512,Tue Mar 27 2018 14:38:00 GMT+0000 (UTC),1466.38
aws-coldstart-java-dev-memory-512,Tue Mar 27 2018 14:39:00 GMT+0000 (UTC),1355.28
aws-coldstart-java-dev-memory-512,Tue Mar 27 2018 14:40:00 GMT+0000 (UTC),1646.04
aws-coldstart-java-dev-memory-512,Tue Mar 27 2018 14:41:00 GMT+0000 (UTC),1516.96
aws-coldstart-java-dev-memory-512,Tue Mar 27 2018 14:42:00 GMT+0000 (UTC),1304.83
aws-coldstart-java-dev-memory-512,Tue Mar 27 2018 14:44:00 GMT+0000 (UTC),1630.56
aws-coldstart-golang-dev-memory-256,Tue Mar 27 2018 14:33:00 GMT+0000 (UTC),0.57
aws-coldstart-golang-dev-memory-256,Tue Mar 27 2018 14:35:00 GMT+0000 (UTC),14.51
aws-coldstart-golang-dev-memory-256,Tue Mar 27 2018 14:36:00 GMT+0000 (UTC),1.25
aws-coldstart-golang-dev-memory-256,Tue Mar 27 2018 14:37:00 GMT+0000 (UTC),2.72
aws-coldstart-golang-dev-memory-256,Tue Mar 27 2018 14:38:00 GMT+0000 (UTC),11.56
aws-coldstart-golang-dev-memory-256,Tue Mar 27 2018 14:39:00 GMT+0000 (UTC),5.75
aws-coldstart-golang-dev-memory-256,Tue Mar 27 2018 14:40:00 GMT+0000 (UTC),2.03
aws-coldstart-golang-dev-memory-256,Tue Mar 27 2018 14:41:00 GMT+0000 (UTC),19.11
aws-coldstart-golang-dev-memory-256,Tue Mar 27 2018 14:42:00 GMT+0000 (UTC),1.51
aws-coldstart-golang-dev-memory-256,Tue Mar 27 2018 14:44:00 GMT+0000 (UTC),0.63
aws-coldstart-golang-dev-memory-1024,Tue Mar 27 2018 14:33:00 GMT+0000 (UTC),0.64
aws-coldstart-golang-dev-memory-1024,Tue Mar 27 2018 14:35:00 GMT+0000 (UTC),1.1
aws-coldstart-golang-dev-memory-1024,Tue Mar 27 2018 14:36:00 GMT+0000 (UTC),1.06
aws-coldstart-golang-dev-memory-1024,Tue Mar 27 2018 14:37:00 GMT+0000 (UTC),0.83
aws-coldstart-golang-dev-memory-1024,Tue Mar 27 2018 14:38:00 GMT+0000 (UTC),0.84
aws-coldstart-golang-dev-memory-1024,Tue Mar 27 2018 14:39:00 GMT+0000 (UTC),0.86
aws-coldstart-golang-dev-memory-1024,Tue Mar 27 2018 14:40:00 GMT+0000 (UTC),0.79
aws-coldstart-golang-dev-memory-1024,Tue Mar 27 2018 14:41:00 GMT+0000 (UTC),0.88
aws-coldstart-golang-dev-memory-1024,Tue Mar 27 2018 14:42:00 GMT+0000 (UTC),0.75
aws-coldstart-golang-dev-memory-1024,Tue Mar 27 2018 14:44:00 GMT+0000 (UTC),0.82
aws-coldstart-python3-dev-memory-512,Tue Mar 27 2018 10:50:00 GMT+0000 (UTC),0.37
aws-coldstart-python3-dev-memory-512,Tue Mar 27 2018 10:51:00 GMT+0000 (UTC),2.08
aws-coldstart-python3-dev-memory-512,Tue Mar 27 2018 10:52:00 GMT+0000 (UTC),0.37
aws-coldstart-python3-dev-memory-512,Tue Mar 27 2018 10:53:00 GMT+0000 (UTC),0.55
aws-coldstart-python3-dev-memory-512,Tue Mar 27 2018 10:54:00 GMT+0000 (UTC),2.77
aws-coldstart-python3-dev-memory-512,Tue Mar 27 2018 10:56:00 GMT+0000 (UTC),16.19
aws-coldstart-python3-dev-memory-512,Tue Mar 27 2018 10:57:00 GMT+0000 (UTC),0.38
aws-coldstart-python3-dev-memory-512,Tue Mar 27 2018 10:58:00 GMT+0000 (UTC),0.58
aws-coldstart-python3-dev-memory-512,Tue Mar 27 2018 14:33:00 GMT+0000 (UTC),3.4
aws-coldstart-python3-dev-memory-512,Tue Mar 27 2018 14:35:00 GMT+0000 (UTC),0.31
aws-coldstart-python3-dev-memory-512,Tue Mar 27 2018 14:36:00 GMT+0000 (UTC),13.69
aws-coldstart-python3-dev-memory-512,Tue Mar 27 2018 14:37:00 GMT+0000 (UTC),0.28
aws-coldstart-python3-dev-memory-512,Tue Mar 27 2018 14:38:00 GMT+0000 (UTC),0.33
aws-coldstart-python3-dev-memory-512,Tue Mar 27 2018 14:39:00 GMT+0000 (UTC),16.63
aws-coldstart-python3-dev-memory-512,Tue Mar 27 2018 14:40:00 GMT+0000 (UTC),0.3
aws-coldstart-python3-dev-memory-512,Tue Mar 27 2018 14:41:00 GMT+0000 (UTC),0.37
aws-coldstart-python3-dev-memory-512,Tue Mar 27 2018 14:42:00 GMT+0000 (UTC),8.59
aws-coldstart-python3-dev-memory-512,Tue Mar 27 2018 14:44:00 GMT+0000 (UTC),8.3
aws-coldstart-nodejs4-dev-memory-256,Tue Mar 27 2018 10:50:00 GMT+0000 (UTC),7
aws-coldstart-nodejs4-dev-memory-256,Tue Mar 27 2018 10:51:00 GMT+0000 (UTC),5.39
aws-coldstart-nodejs4-dev-memory-256,Tue Mar 27 2018 10:52:00 GMT+0000 (UTC),2.14
aws-coldstart-nodejs4-dev-memory-256,Tue Mar 27 2018 10:53:00 GMT+0000 (UTC),0.47
aws-coldstart-nodejs4-dev-memory-256,Tue Mar 27 2018 10:54:00 GMT+0000 (UTC),8.4
aws-coldstart-nodejs4-dev-memory-256,Tue Mar 27 2018 10:56:00 GMT+0000 (UTC),26.96
aws-coldstart-nodejs4-dev-memory-256,Tue Mar 27 2018 10:57:00 GMT+0000 (UTC),1.69
aws-coldstart-nodejs4-dev-memory-256,Tue Mar 27 2018 10:58:00 GMT+0000 (UTC),0.7
aws-coldstart-nodejs4-dev-memory-256,Tue Mar 27 2018 14:33:00 GMT+0000 (UTC),3.38
aws-coldstart-nodejs4-dev-memory-256,Tue Mar 27 2018 14:35:00 GMT+0000 (UTC),0.47
aws-coldstart-nodejs4-dev-memory-256,Tue Mar 27 2018 14:36:00 GMT+0000 (UTC),0.48
aws-coldstart-nodejs4-dev-memory-256,Tue Mar 27 2018 14:37:00 GMT+0000 (UTC),0.48
aws-coldstart-nodejs4-dev-memory-256,Tue Mar 27 2018 14:38:00 GMT+0000 (UTC),0.39
aws-coldstart-nodejs4-dev-memory-256,Tue Mar 27 2018 14:39:00 GMT+0000 (UTC),0.51
aws-coldstart-nodejs4-dev-memory-256,Tue Mar 27 2018 14:40:00 GMT+0000 (UTC),16.52
aws-coldstart-nodejs4-dev-memory-256,Tue Mar 27 2018 14:41:00 GMT+0000 (UTC),8.6
aws-coldstart-nodejs4-dev-memory-256,Tue Mar 27 2018 14:42:00 GMT+0000 (UTC),3.41
aws-coldstart-nodejs4-dev-memory-256,Tue Mar 27 2018 14:44:00 GMT+0000 (UTC),0.44
aws-coldstart-python2-dev-memory-1536,Tue Mar 27 2018 10:50:00 GMT+0000 (UTC),0.26
aws-coldstart-python2-dev-memory-1536,Tue Mar 27 2018 10:51:00 GMT+0000 (UTC),12.98
aws-coldstart-python2-dev-memory-1536,Tue Mar 27 2018 10:52:00 GMT+0000 (UTC),0.28
aws-coldstart-python2-dev-memory-1536,Tue Mar 27 2018 10:53:00 GMT+0000 (UTC),0.32
aws-coldstart-python2-dev-memory-1536,Tue Mar 27 2018 10:54:00 GMT+0000 (UTC),0.36
aws-coldstart-python2-dev-memory-1536,Tue Mar 27 2018 10:56:00 GMT+0000 (UTC),0.29
aws-coldstart-python2-dev-memory-1536,Tue Mar 27 2018 10:57:00 GMT+0000 (UTC),0.92
aws-coldstart-python2-dev-memory-1536,Tue Mar 27 2018 10:58:00 GMT+0000 (UTC),7.83
aws-coldstart-python2-dev-memory-1536,Tue Mar 27 2018 14:33:00 GMT+0000 (UTC),0.55
aws-coldstart-python2-dev-memory-1536,Tue Mar 27 2018 14:35:00 GMT+0000 (UTC),1.59
aws-coldstart-python2-dev-memory-1536,Tue Mar 27 2018 14:36:00 GMT+0000 (UTC),0.41
aws-coldstart-python2-dev-memory-1536,Tue Mar 27 2018 14:37:00 GMT+0000 (UTC),0.41
aws-coldstart-python2-dev-memory-1536,Tue Mar 27 2018 14:38:00 GMT+0000 (UTC),0.38
aws-coldstart-python2-dev-memory-1536,Tue Mar 27 2018 14:39:00 GMT+0000 (UTC),0.83
aws-coldstart-python2-dev-memory-1536,Tue Mar 27 2018 14:40:00 GMT+0000 (UTC),15.61
aws-coldstart-python2-dev-memory-1536,Tue Mar 27 2018 14:41:00 GMT+0000 (UTC),2.26
aws-coldstart-python2-dev-memory-1536,Tue Mar 27 2018 14:42:00 GMT+0000 (UTC),2.87
aws-coldstart-python2-dev-memory-1536,Tue Mar 27 2018 14:44:00 GMT+0000 (UTC),0.47
aws-coldstart-java-dev-memory-1536,Tue Mar 27 2018 10:50:00 GMT+0000 (UTC),517.07
aws-coldstart-java-dev-memory-1536,Tue Mar 27 2018 10:51:00 GMT+0000 (UTC),496.39
aws-coldstart-java-dev-memory-1536,Tue Mar 27 2018 10:52:00 GMT+0000 (UTC),586.52
aws-coldstart-java-dev-memory-1536,Tue Mar 27 2018 10:53:00 GMT+0000 (UTC),578.52
aws-coldstart-java-dev-memory-1536,Tue Mar 27 2018 10:54:00 GMT+0000 (UTC),664.01
aws-coldstart-java-dev-memory-1536,Tue Mar 27 2018 10:56:00 GMT+0000 (UTC),825.42
aws-coldstart-java-dev-memory-1536,Tue Mar 27 2018 10:57:00 GMT+0000 (UTC),620.16
aws-coldstart-java-dev-memory-1536,Tue Mar 27 2018 10:58:00 GMT+0000 (UTC),611.38
aws-coldstart-java-dev-memory-1536,Tue Mar 27 2018 14:33:00 GMT+0000 (UTC),453.45
aws-coldstart-java-dev-memory-1536,Tue Mar 27 2018 14:35:00 GMT+0000 (UTC),731.55
aws-coldstart-java-dev-memory-1536,Tue Mar 27 2018 14:36:00 GMT+0000 (UTC),555.88
aws-coldstart-java-dev-memory-1536,Tue Mar 27 2018 14:37:00 GMT+0000 (UTC),660.22
aws-coldstart-java-dev-memory-1536,Tue Mar 27 2018 14:38:00 GMT+0000 (UTC),535.82
aws-coldstart-java-dev-memory-1536,Tue Mar 27 2018 14:39:00 GMT+0000 (UTC),452.51
aws-coldstart-java-dev-memory-1536,Tue Mar 27 2018 14:40:00 GMT+0000 (UTC),794.46
aws-coldstart-java-dev-memory-1536,Tue Mar 27 2018 14:41:00 GMT+0000 (UTC),685.28
aws-coldstart-java-dev-memory-1536,Tue Mar 27 2018 14:42:00 GMT+0000 (UTC),452.36
aws-coldstart-java-dev-memory-1536,Tue Mar 27 2018 14:44:00 GMT+0000 (UTC),597.91
aws-coldstart-csharp1-dev-memory-1024,Tue Mar 27 2018 10:50:00 GMT+0000 (UTC),595.81
aws-coldstart-csharp1-dev-memory-1024,Tue Mar 27 2018 10:51:00 GMT+0000 (UTC),1106.47
aws-coldstart-csharp1-dev-memory-1024,Tue Mar 27 2018 10:52:00 GMT+0000 (UTC),901.91
aws-coldstart-csharp1-dev-memory-1024,Tue Mar 27 2018 10:53:00 GMT+0000 (UTC),958.54
aws-coldstart-csharp1-dev-memory-1024,Tue Mar 27 2018 10:54:00 GMT+0000 (UTC),987.11
aws-coldstart-csharp1-dev-memory-1024,Tue Mar 27 2018 10:56:00 GMT+0000 (UTC),1082.77
aws-coldstart-csharp1-dev-memory-1024,Tue Mar 27 2018 10:57:00 GMT+0000 (UTC),899.07
aws-coldstart-csharp1-dev-memory-1024,Tue Mar 27 2018 10:58:00 GMT+0000 (UTC),792.95
aws-coldstart-csharp1-dev-memory-1024,Tue Mar 27 2018 14:33:00 GMT+0000 (UTC),999.31
aws-coldstart-csharp1-dev-memory-1024,Tue Mar 27 2018 14:35:00 GMT+0000 (UTC),1105.08
aws-coldstart-csharp1-dev-memory-1024,Tue Mar 27 2018 14:36:00 GMT+0000 (UTC),810.67
aws-coldstart-csharp1-dev-memory-1024,Tue Mar 27 2018 14:37:00 GMT+0000 (UTC),810.01
aws-coldstart-csharp1-dev-memory-1024,Tue Mar 27 2018 14:38:00 GMT+0000 (UTC),564.01
aws-coldstart-csharp1-dev-memory-1024,Tue Mar 27 2018 14:39:00 GMT+0000 (UTC),631.77
aws-coldstart-csharp1-dev-memory-1024,Tue Mar 27 2018 14:40:00 GMT+0000 (UTC),1007.57
aws-coldstart-csharp1-dev-memory-1024,Tue Mar 27 2018 14:41:00 GMT+0000 (UTC),1198.36
aws-coldstart-csharp1-dev-memory-1024,Tue Mar 27 2018 14:42:00 GMT+0000 (UTC),941.2
aws-coldstart-csharp1-dev-memory-1024,Tue Mar 27 2018 14:44:00 GMT+0000 (UTC),1243.9
aws-coldstart-java-dev-memory-1024,Tue Mar 27 2018 10:50:00 GMT+0000 (UTC),733.02
aws-coldstart-java-dev-memory-1024,Tue Mar 27 2018 10:51:00 GMT+0000 (UTC),1019.13
aws-coldstart-java-dev-memory-1024,Tue Mar 27 2018 10:52:00 GMT+0000 (UTC),866.25
aws-coldstart-java-dev-memory-1024,Tue Mar 27 2018 10:53:00 GMT+0000 (UTC),945.21
aws-coldstart-java-dev-memory-1024,Tue Mar 27 2018 10:54:00 GMT+0000 (UTC),1042.31
aws-coldstart-java-dev-memory-1024,Tue Mar 27 2018 10:56:00 GMT+0000 (UTC),1041.19
aws-coldstart-java-dev-memory-1024,Tue Mar 27 2018 10:57:00 GMT+0000 (UTC),881.7
aws-coldstart-java-dev-memory-1024,Tue Mar 27 2018 10:58:00 GMT+0000 (UTC),898.2
aws-coldstart-java-dev-memory-1024,Tue Mar 27 2018 14:33:00 GMT+0000 (UTC),875.04
aws-coldstart-java-dev-memory-1024,Tue Mar 27 2018 14:35:00 GMT+0000 (UTC),732.23
aws-coldstart-java-dev-memory-1024,Tue Mar 27 2018 14:36:00 GMT+0000 (UTC),899.85
aws-coldstart-java-dev-memory-1024,Tue Mar 27 2018 14:37:00 GMT+0000 (UTC),794.15
aws-coldstart-java-dev-memory-1024,Tue Mar 27 2018 14:38:00 GMT+0000 (UTC),661.55
aws-coldstart-java-dev-memory-1024,Tue Mar 27 2018 14:39:00 GMT+0000 (UTC),698.08
aws-coldstart-java-dev-memory-1024,Tue Mar 27 2018 14:40:00 GMT+0000 (UTC),846.8
aws-coldstart-java-dev-memory-1024,Tue Mar 27 2018 14:41:00 GMT+0000 (UTC),884.73
aws-coldstart-java-dev-memory-1024,Tue Mar 27 2018 14:42:00 GMT+0000 (UTC),702.98
aws-coldstart-java-dev-memory-1024,Tue Mar 27 2018 14:44:00 GMT+0000 (UTC),910.62
aws-coldstart-python2-dev-memory-128,Tue Mar 27 2018 10:50:00 GMT+0000 (UTC),0.29
aws-coldstart-python2-dev-memory-128,Tue Mar 27 2018 10:51:00 GMT+0000 (UTC),8.81
aws-coldstart-python2-dev-memory-128,Tue Mar 27 2018 10:52:00 GMT+0000 (UTC),3.61
aws-coldstart-python2-dev-memory-128,Tue Mar 27 2018 10:53:00 GMT+0000 (UTC),7.5
aws-coldstart-python2-dev-memory-128,Tue Mar 27 2018 10:54:00 GMT+0000 (UTC),9.46
aws-coldstart-python2-dev-memory-128,Tue Mar 27 2018 10:56:00 GMT+0000 (UTC),0.54
aws-coldstart-python2-dev-memory-128,Tue Mar 27 2018 10:57:00 GMT+0000 (UTC),9.52
aws-coldstart-python2-dev-memory-128,Tue Mar 27 2018 10:58:00 GMT+0000 (UTC),24.01
aws-coldstart-python2-dev-memory-128,Tue Mar 27 2018 14:33:00 GMT+0000 (UTC),0.46
aws-coldstart-python2-dev-memory-128,Tue Mar 27 2018 14:35:00 GMT+0000 (UTC),0.34
aws-coldstart-python2-dev-memory-128,Tue Mar 27 2018 14:36:00 GMT+0000 (UTC),0.34
aws-coldstart-python2-dev-memory-128,Tue Mar 27 2018 14:37:00 GMT+0000 (UTC),0.29
aws-coldstart-python2-dev-memory-128,Tue Mar 27 2018 14:38:00 GMT+0000 (UTC),0.36
aws-coldstart-python2-dev-memory-128,Tue Mar 27 2018 14:39:00 GMT+0000 (UTC),0.33
aws-coldstart-python2-dev-memory-128,Tue Mar 27 2018 14:40:00 GMT+0000 (UTC),0.35
aws-coldstart-python2-dev-memory-128,Tue Mar 27 2018 14:41:00 GMT+0000 (UTC),0.38
aws-coldstart-python2-dev-memory-128,Tue Mar 27 2018 14:42:00 GMT+0000 (UTC),0.34
aws-coldstart-python2-dev-memory-128,Tue Mar 27 2018 14:44:00 GMT+0000 (UTC),0.41
aws-coldstart-python2-dev-memory-256,Tue Mar 27 2018 10:50:00 GMT+0000 (UTC),1.35
aws-coldstart-python2-dev-memory-256,Tue Mar 27 2018 10:51:00 GMT+0000 (UTC),8.67
aws-coldstart-python2-dev-memory-256,Tue Mar 27 2018 10:52:00 GMT+0000 (UTC),0.44
aws-coldstart-python2-dev-memory-256,Tue Mar 27 2018 10:53:00 GMT+0000 (UTC),0.35
aws-coldstart-python2-dev-memory-256,Tue Mar 27 2018 10:54:00 GMT+0000 (UTC),16.24
aws-coldstart-python2-dev-memory-256,Tue Mar 27 2018 10:56:00 GMT+0000 (UTC),0.33
aws-coldstart-python2-dev-memory-256,Tue Mar 27 2018 10:57:00 GMT+0000 (UTC),10.61
aws-coldstart-python2-dev-memory-256,Tue Mar 27 2018 10:58:00 GMT+0000 (UTC),0.38
aws-coldstart-python2-dev-memory-256,Tue Mar 27 2018 14:33:00 GMT+0000 (UTC),0.38
aws-coldstart-python2-dev-memory-256,Tue Mar 27 2018 14:35:00 GMT+0000 (UTC),0.43
aws-coldstart-python2-dev-memory-256,Tue Mar 27 2018 14:36:00 GMT+0000 (UTC),0.43
aws-coldstart-python2-dev-memory-256,Tue Mar 27 2018 14:37:00 GMT+0000 (UTC),4.43
aws-coldstart-python2-dev-memory-256,Tue Mar 27 2018 14:38:00 GMT+0000 (UTC),0.57
aws-coldstart-python2-dev-memory-256,Tue Mar 27 2018 14:39:00 GMT+0000 (UTC),0.55
aws-coldstart-python2-dev-memory-256,Tue Mar 27 2018 14:40:00 GMT+0000 (UTC),0.52
aws-coldstart-python2-dev-memory-256,Tue Mar 27 2018 14:41:00 GMT+0000 (UTC),0.44
aws-coldstart-python2-dev-memory-256,Tue Mar 27 2018 14:42:00 GMT+0000 (UTC),0.48
aws-coldstart-python2-dev-memory-256,Tue Mar 27 2018 14:44:00 GMT+0000 (UTC),14.85
aws-coldstart-nodejs6-dev-memory-128,Tue Mar 27 2018 10:50:00 GMT+0000 (UTC),22.02
aws-coldstart-nodejs6-dev-memory-128,Tue Mar 27 2018 10:51:00 GMT+0000 (UTC),15.14
aws-coldstart-nodejs6-dev-memory-128,Tue Mar 27 2018 10:52:00 GMT+0000 (UTC),0.33
aws-coldstart-nodejs6-dev-memory-128,Tue Mar 27 2018 10:53:00 GMT+0000 (UTC),0.26
aws-coldstart-nodejs6-dev-memory-128,Tue Mar 27 2018 10:54:00 GMT+0000 (UTC),15.38
aws-coldstart-nodejs6-dev-memory-128,Tue Mar 27 2018 10:56:00 GMT+0000 (UTC),4.15
aws-coldstart-nodejs6-dev-memory-128,Tue Mar 27 2018 10:57:00 GMT+0000 (UTC),32.16
aws-coldstart-nodejs6-dev-memory-128,Tue Mar 27 2018 10:58:00 GMT+0000 (UTC),0.5
aws-coldstart-nodejs6-dev-memory-128,Tue Mar 27 2018 14:33:00 GMT+0000 (UTC),2.44
aws-coldstart-nodejs6-dev-memory-128,Tue Mar 27 2018 14:35:00 GMT+0000 (UTC),0.54
aws-coldstart-nodejs6-dev-memory-128,Tue Mar 27 2018 14:36:00 GMT+0000 (UTC),0.44
aws-coldstart-nodejs6-dev-memory-128,Tue Mar 27 2018 14:37:00 GMT+0000 (UTC),11.68
aws-coldstart-nodejs6-dev-memory-128,Tue Mar 27 2018 14:38:00 GMT+0000 (UTC),0.36
aws-coldstart-nodejs6-dev-memory-128,Tue Mar 27 2018 14:39:00 GMT+0000 (UTC),0.46
aws-coldstart-nodejs6-dev-memory-128,Tue Mar 27 2018 14:40:00 GMT+0000 (UTC),1.29
aws-coldstart-nodejs6-dev-memory-128,Tue Mar 27 2018 14:41:00 GMT+0000 (UTC),0.3
aws-coldstart-nodejs6-dev-memory-128,Tue Mar 27 2018 14:42:00 GMT+0000 (UTC),65.85
aws-coldstart-nodejs6-dev-memory-128,Tue Mar 27 2018 14:44:00 GMT+0000 (UTC),2.88
aws-coldstart-csharp2-dev-memory-1536,Tue Mar 27 2018 10:50:00 GMT+0000 (UTC),346.46
aws-coldstart-csharp2-dev-memory-1536,Tue Mar 27 2018 10:51:00 GMT+0000 (UTC),282.5
aws-coldstart-csharp2-dev-memory-1536,Tue Mar 27 2018 10:52:00 GMT+0000 (UTC),464.75
aws-coldstart-csharp2-dev-memory-1536,Tue Mar 27 2018 10:53:00 GMT+0000 (UTC),471.39
aws-coldstart-csharp2-dev-memory-1536,Tue Mar 27 2018 10:54:00 GMT+0000 (UTC),476.63
aws-coldstart-csharp2-dev-memory-1536,Tue Mar 27 2018 10:56:00 GMT+0000 (UTC),511.29
aws-coldstart-csharp2-dev-memory-1536,Tue Mar 27 2018 10:57:00 GMT+0000 (UTC),541.38
aws-coldstart-csharp2-dev-memory-1536,Tue Mar 27 2018 10:58:00 GMT+0000 (UTC),502.55
aws-coldstart-csharp2-dev-memory-1536,Tue Mar 27 2018 14:33:00 GMT+0000 (UTC),405.46
aws-coldstart-csharp2-dev-memory-1536,Tue Mar 27 2018 14:35:00 GMT+0000 (UTC),457.53
aws-coldstart-csharp2-dev-memory-1536,Tue Mar 27 2018 14:36:00 GMT+0000 (UTC),499.26
aws-coldstart-csharp2-dev-memory-1536,Tue Mar 27 2018 14:37:00 GMT+0000 (UTC),403.1
aws-coldstart-csharp2-dev-memory-1536,Tue Mar 27 2018 14:38:00 GMT+0000 (UTC),257.02
aws-coldstart-csharp2-dev-memory-1536,Tue Mar 27 2018 14:39:00 GMT+0000 (UTC),434.12
aws-coldstart-csharp2-dev-memory-1536,Tue Mar 27 2018 14:40:00 GMT+0000 (UTC),468
aws-coldstart-csharp2-dev-memory-1536,Tue Mar 27 2018 14:41:00 GMT+0000 (UTC),510.18
aws-coldstart-csharp2-dev-memory-1536,Tue Mar 27 2018 14:42:00 GMT+0000 (UTC),403.84
aws-coldstart-csharp2-dev-memory-1536,Tue Mar 27 2018 14:44:00 GMT+0000 (UTC),330
aws-coldstart-python3-dev-memory-128,Tue Mar 27 2018 10:50:00 GMT+0000 (UTC),0.25
aws-coldstart-python3-dev-memory-128,Tue Mar 27 2018 10:51:00 GMT+0000 (UTC),0.43
aws-coldstart-python3-dev-memory-128,Tue Mar 27 2018 10:52:00 GMT+0000 (UTC),0.46
aws-coldstart-python3-dev-memory-128,Tue Mar 27 2018 10:53:00 GMT+0000 (UTC),13.82
aws-coldstart-python3-dev-memory-128,Tue Mar 27 2018 10:54:00 GMT+0000 (UTC),30.04
aws-coldstart-python3-dev-memory-128,Tue Mar 27 2018 10:56:00 GMT+0000 (UTC),0.32
aws-coldstart-python3-dev-memory-128,Tue Mar 27 2018 10:57:00 GMT+0000 (UTC),0.27
aws-coldstart-python3-dev-memory-128,Tue Mar 27 2018 10:58:00 GMT+0000 (UTC),5.55
aws-coldstart-python3-dev-memory-128,Tue Mar 27 2018 14:33:00 GMT+0000 (UTC),0.73
aws-coldstart-python3-dev-memory-128,Tue Mar 27 2018 14:35:00 GMT+0000 (UTC),0.49
aws-coldstart-python3-dev-memory-128,Tue Mar 27 2018 14:36:00 GMT+0000 (UTC),1.62
aws-coldstart-python3-dev-memory-128,Tue Mar 27 2018 14:37:00 GMT+0000 (UTC),0.29
aws-coldstart-python3-dev-memory-128,Tue Mar 27 2018 14:38:00 GMT+0000 (UTC),0.34
aws-coldstart-python3-dev-memory-128,Tue Mar 27 2018 14:39:00 GMT+0000 (UTC),0.3
aws-coldstart-python3-dev-memory-128,Tue Mar 27 2018 14:40:00 GMT+0000 (UTC),0.44
aws-coldstart-python3-dev-memory-128,Tue Mar 27 2018 14:41:00 GMT+0000 (UTC),0.38
aws-coldstart-python3-dev-memory-128,Tue Mar 27 2018 14:42:00 GMT+0000 (UTC),0.43
aws-coldstart-python3-dev-memory-128,Tue Mar 27 2018 14:44:00 GMT+0000 (UTC),0.49
aws-coldstart-nodejs4-dev-memory-512,Tue Mar 27 2018 10:50:00 GMT+0000 (UTC),3.45
aws-coldstart-nodejs4-dev-memory-512,Tue Mar 27 2018 10:51:00 GMT+0000 (UTC),0.69
aws-coldstart-nodejs4-dev-memory-512,Tue Mar 27 2018 10:52:00 GMT+0000 (UTC),13.21
aws-coldstart-nodejs4-dev-memory-512,Tue Mar 27 2018 10:53:00 GMT+0000 (UTC),0.59
aws-coldstart-nodejs4-dev-memory-512,Tue Mar 27 2018 10:54:00 GMT+0000 (UTC),0.67
aws-coldstart-nodejs4-dev-memory-512,Tue Mar 27 2018 10:56:00 GMT+0000 (UTC),6.42
aws-coldstart-nodejs4-dev-memory-512,Tue Mar 27 2018 10:57:00 GMT+0000 (UTC),14.77
aws-coldstart-nodejs4-dev-memory-512,Tue Mar 27 2018 10:58:00 GMT+0000 (UTC),16.52
aws-coldstart-nodejs4-dev-memory-512,Tue Mar 27 2018 14:33:00 GMT+0000 (UTC),6.53
aws-coldstart-nodejs4-dev-memory-512,Tue Mar 27 2018 14:35:00 GMT+0000 (UTC),8.76
aws-coldstart-nodejs4-dev-memory-512,Tue Mar 27 2018 14:36:00 GMT+0000 (UTC),0.43
aws-coldstart-nodejs4-dev-memory-512,Tue Mar 27 2018 14:37:00 GMT+0000 (UTC),2.2
aws-coldstart-nodejs4-dev-memory-512,Tue Mar 27 2018 14:38:00 GMT+0000 (UTC),0.49
aws-coldstart-nodejs4-dev-memory-512,Tue Mar 27 2018 14:39:00 GMT+0000 (UTC),0.68
aws-coldstart-nodejs4-dev-memory-512,Tue Mar 27 2018 14:40:00 GMT+0000 (UTC),16.22
aws-coldstart-nodejs4-dev-memory-512,Tue Mar 27 2018 14:41:00 GMT+0000 (UTC),0.55
aws-coldstart-nodejs4-dev-memory-512,Tue Mar 27 2018 14:42:00 GMT+0000 (UTC),7.73
aws-coldstart-nodejs4-dev-memory-512,Tue Mar 27 2018 14:44:00 GMT+0000 (UTC),17.84
aws-coldstart-python2-dev-memory-1024,Tue Mar 27 2018 10:50:00 GMT+0000 (UTC),7.77
aws-coldstart-python2-dev-memory-1024,Tue Mar 27 2018 10:51:00 GMT+0000 (UTC),2.47
aws-coldstart-python2-dev-memory-1024,Tue Mar 27 2018 10:52:00 GMT+0000 (UTC),3.75
aws-coldstart-python2-dev-memory-1024,Tue Mar 27 2018 10:53:00 GMT+0000 (UTC),0.37
aws-coldstart-python2-dev-memory-1024,Tue Mar 27 2018 10:54:00 GMT+0000 (UTC),0.5
aws-coldstart-python2-dev-memory-1024,Tue Mar 27 2018 10:56:00 GMT+0000 (UTC),7.44
aws-coldstart-python2-dev-memory-1024,Tue Mar 27 2018 10:57:00 GMT+0000 (UTC),0.28
aws-coldstart-python2-dev-memory-1024,Tue Mar 27 2018 10:58:00 GMT+0000 (UTC),0.37
aws-coldstart-python2-dev-memory-1024,Tue Mar 27 2018 14:33:00 GMT+0000 (UTC),0.35
aws-coldstart-python2-dev-memory-1024,Tue Mar 27 2018 14:35:00 GMT+0000 (UTC),0.36
aws-coldstart-python2-dev-memory-1024,Tue Mar 27 2018 14:36:00 GMT+0000 (UTC),18.7
aws-coldstart-python2-dev-memory-1024,Tue Mar 27 2018 14:37:00 GMT+0000 (UTC),0.36
aws-coldstart-python2-dev-memory-1024,Tue Mar 27 2018 14:38:00 GMT+0000 (UTC),0.38
aws-coldstart-python2-dev-memory-1024,Tue Mar 27 2018 14:39:00 GMT+0000 (UTC),1.92
aws-coldstart-python2-dev-memory-1024,Tue Mar 27 2018 14:40:00 GMT+0000 (UTC),0.39
aws-coldstart-python2-dev-memory-1024,Tue Mar 27 2018 14:41:00 GMT+0000 (UTC),0.61
aws-coldstart-python2-dev-memory-1024,Tue Mar 27 2018 14:42:00 GMT+0000 (UTC),0.56
aws-coldstart-python2-dev-memory-1024,Tue Mar 27 2018 14:44:00 GMT+0000 (UTC),0.71
aws-coldstart-nodejs6-dev-memory-1024,Tue Mar 27 2018 10:50:00 GMT+0000 (UTC),6.06
aws-coldstart-nodejs6-dev-memory-1024,Tue Mar 27 2018 10:51:00 GMT+0000 (UTC),0.54
aws-coldstart-nodejs6-dev-memory-1024,Tue Mar 27 2018 10:52:00 GMT+0000 (UTC),18.18
aws-coldstart-nodejs6-dev-memory-1024,Tue Mar 27 2018 10:53:00 GMT+0000 (UTC),17.65
aws-coldstart-nodejs6-dev-memory-1024,Tue Mar 27 2018 10:54:00 GMT+0000 (UTC),12.13
aws-coldstart-nodejs6-dev-memory-1024,Tue Mar 27 2018 10:56:00 GMT+0000 (UTC),16.45
aws-coldstart-nodejs6-dev-memory-1024,Tue Mar 27 2018 10:57:00 GMT+0000 (UTC),2.02
aws-coldstart-nodejs6-dev-memory-1024,Tue Mar 27 2018 10:58:00 GMT+0000 (UTC),0.4
aws-coldstart-nodejs6-dev-memory-1024,Tue Mar 27 2018 14:33:00 GMT+0000 (UTC),4.37
aws-coldstart-nodejs6-dev-memory-1024,Tue Mar 27 2018 14:35:00 GMT+0000 (UTC),0.51
aws-coldstart-nodejs6-dev-memory-1024,Tue Mar 27 2018 14:36:00 GMT+0000 (UTC),2.07
aws-coldstart-nodejs6-dev-memory-1024,Tue Mar 27 2018 14:37:00 GMT+0000 (UTC),0.46
aws-coldstart-nodejs6-dev-memory-1024,Tue Mar 27 2018 14:38:00 GMT+0000 (UTC),0.51
aws-coldstart-nodejs6-dev-memory-1024,Tue Mar 27 2018 14:39:00 GMT+0000 (UTC),0.32
aws-coldstart-nodejs6-dev-memory-1024,Tue Mar 27 2018 14:40:00 GMT+0000 (UTC),17.61
aws-coldstart-nodejs6-dev-memory-1024,Tue Mar 27 2018 14:41:00 GMT+0000 (UTC),0.36
aws-coldstart-nodejs6-dev-memory-1024,Tue Mar 27 2018 14:42:00 GMT+0000 (UTC),2.63
aws-coldstart-nodejs6-dev-memory-1024,Tue Mar 27 2018 14:44:00 GMT+0000 (UTC),12.25
aws-coldstart-python3-dev-memory-1536,Tue Mar 27 2018 10:50:00 GMT+0000 (UTC),0.44
aws-coldstart-python3-dev-memory-1536,Tue Mar 27 2018 10:51:00 GMT+0000 (UTC),1.31
aws-coldstart-python3-dev-memory-1536,Tue Mar 27 2018 10:52:00 GMT+0000 (UTC),9.8
aws-coldstart-python3-dev-memory-1536,Tue Mar 27 2018 10:53:00 GMT+0000 (UTC),10.18
aws-coldstart-python3-dev-memory-1536,Tue Mar 27 2018 10:54:00 GMT+0000 (UTC),5.63
aws-coldstart-python3-dev-memory-1536,Tue Mar 27 2018 10:56:00 GMT+0000 (UTC),7.72
aws-coldstart-python3-dev-memory-1536,Tue Mar 27 2018 10:57:00 GMT+0000 (UTC),0.42
aws-coldstart-python3-dev-memory-1536,Tue Mar 27 2018 10:58:00 GMT+0000 (UTC),0.39
aws-coldstart-python3-dev-memory-1536,Tue Mar 27 2018 14:33:00 GMT+0000 (UTC),0.52
aws-coldstart-python3-dev-memory-1536,Tue Mar 27 2018 14:35:00 GMT+0000 (UTC),0.37
aws-coldstart-python3-dev-memory-1536,Tue Mar 27 2018 14:36:00 GMT+0000 (UTC),0.36
aws-coldstart-python3-dev-memory-1536,Tue Mar 27 2018 14:37:00 GMT+0000 (UTC),0.31
aws-coldstart-python3-dev-memory-1536,Tue Mar 27 2018 14:38:00 GMT+0000 (UTC),0.37
aws-coldstart-python3-dev-memory-1536,Tue Mar 27 2018 14:39:00 GMT+0000 (UTC),1.34
aws-coldstart-python3-dev-memory-1536,Tue Mar 27 2018 14:40:00 GMT+0000 (UTC),0.32
aws-coldstart-python3-dev-memory-1536,Tue Mar 27 2018 14:41:00 GMT+0000 (UTC),0.43
aws-coldstart-python3-dev-memory-1536,Tue Mar 27 2018 14:42:00 GMT+0000 (UTC),0.35
aws-coldstart-python3-dev-memory-1536,Tue Mar 27 2018 14:44:00 GMT+0000 (UTC),0.33
aws-coldstart-csharp1-dev-memory-1536,Tue Mar 27 2018 10:50:00 GMT+0000 (UTC),397.98
aws-coldstart-csharp1-dev-memory-1536,Tue Mar 27 2018 10:51:00 GMT+0000 (UTC),372.92
aws-coldstart-csharp1-dev-memory-1536,Tue Mar 27 2018 10:52:00 GMT+0000 (UTC),594.67
aws-coldstart-csharp1-dev-memory-1536,Tue Mar 27 2018 10:53:00 GMT+0000 (UTC),620.61
aws-coldstart-csharp1-dev-memory-1536,Tue Mar 27 2018 10:54:00 GMT+0000 (UTC),529.75
aws-coldstart-csharp1-dev-memory-1536,Tue Mar 27 2018 10:56:00 GMT+0000 (UTC),620.59
aws-coldstart-csharp1-dev-memory-1536,Tue Mar 27 2018 10:57:00 GMT+0000 (UTC),632.48
aws-coldstart-csharp1-dev-memory-1536,Tue Mar 27 2018 10:58:00 GMT+0000 (UTC),555.61
aws-coldstart-csharp1-dev-memory-1536,Tue Mar 27 2018 14:33:00 GMT+0000 (UTC),423.48
aws-coldstart-csharp1-dev-memory-1536,Tue Mar 27 2018 14:35:00 GMT+0000 (UTC),391.84
aws-coldstart-csharp1-dev-memory-1536,Tue Mar 27 2018 14:36:00 GMT+0000 (UTC),544.78
aws-coldstart-csharp1-dev-memory-1536,Tue Mar 27 2018 14:37:00 GMT+0000 (UTC),485.41
aws-coldstart-csharp1-dev-memory-1536,Tue Mar 27 2018 14:38:00 GMT+0000 (UTC),491.66
aws-coldstart-csharp1-dev-memory-1536,Tue Mar 27 2018 14:39:00 GMT+0000 (UTC),492.57
aws-coldstart-csharp1-dev-memory-1536,Tue Mar 27 2018 14:40:00 GMT+0000 (UTC),482.93
aws-coldstart-csharp1-dev-memory-1536,Tue Mar 27 2018 14:41:00 GMT+0000 (UTC),531
aws-coldstart-csharp1-dev-memory-1536,Tue Mar 27 2018 14:42:00 GMT+0000 (UTC),572.38
aws-coldstart-csharp1-dev-memory-1536,Tue Mar 27 2018 14:44:00 GMT+0000 (UTC),447.81
aws-coldstart-python3-dev-memory-1024,Tue Mar 27 2018 10:50:00 GMT+0000 (UTC),0.36
aws-coldstart-python3-dev-memory-1024,Tue Mar 27 2018 10:51:00 GMT+0000 (UTC),6.83
aws-coldstart-python3-dev-memory-1024,Tue Mar 27 2018 10:52:00 GMT+0000 (UTC),0.41
aws-coldstart-python3-dev-memory-1024,Tue Mar 27 2018 10:53:00 GMT+0000 (UTC),0.32
aws-coldstart-python3-dev-memory-1024,Tue Mar 27 2018 10:54:00 GMT+0000 (UTC),3.51
aws-coldstart-python3-dev-memory-1024,Tue Mar 27 2018 10:56:00 GMT+0000 (UTC),0.42
aws-coldstart-python3-dev-memory-1024,Tue Mar 27 2018 10:57:00 GMT+0000 (UTC),0.33
aws-coldstart-python3-dev-memory-1024,Tue Mar 27 2018 10:58:00 GMT+0000 (UTC),0.35
aws-coldstart-python3-dev-memory-1024,Tue Mar 27 2018 14:33:00 GMT+0000 (UTC),0.67
aws-coldstart-python3-dev-memory-1024,Tue Mar 27 2018 14:35:00 GMT+0000 (UTC),0.61
aws-coldstart-python3-dev-memory-1024,Tue Mar 27 2018 14:36:00 GMT+0000 (UTC),0.55
aws-coldstart-python3-dev-memory-1024,Tue Mar 27 2018 14:37:00 GMT+0000 (UTC),0.35
aws-coldstart-python3-dev-memory-1024,Tue Mar 27 2018 14:38:00 GMT+0000 (UTC),0.35
aws-coldstart-python3-dev-memory-1024,Tue Mar 27 2018 14:39:00 GMT+0000 (UTC),0.39
aws-coldstart-python3-dev-memory-1024,Tue Mar 27 2018 14:40:00 GMT+0000 (UTC),0.36
aws-coldstart-python3-dev-memory-1024,Tue Mar 27 2018 14:41:00 GMT+0000 (UTC),7.34
aws-coldstart-python3-dev-memory-1024,Tue Mar 27 2018 14:42:00 GMT+0000 (UTC),0.37
aws-coldstart-python3-dev-memory-1024,Tue Mar 27 2018 14:44:00 GMT+0000 (UTC),0.73
aws-coldstart-nodejs6-dev-memory-512,Tue Mar 27 2018 10:50:00 GMT+0000 (UTC),3.13
aws-coldstart-nodejs6-dev-memory-512,Tue Mar 27 2018 10:51:00 GMT+0000 (UTC),0.83
aws-coldstart-nodejs6-dev-memory-512,Tue Mar 27 2018 10:52:00 GMT+0000 (UTC),14.53
aws-coldstart-nodejs6-dev-memory-512,Tue Mar 27 2018 10:53:00 GMT+0000 (UTC),15.57
aws-coldstart-nodejs6-dev-memory-512,Tue Mar 27 2018 10:54:00 GMT+0000 (UTC),13.37
aws-coldstart-nodejs6-dev-memory-512,Tue Mar 27 2018 10:56:00 GMT+0000 (UTC),12.72
aws-coldstart-nodejs6-dev-memory-512,Tue Mar 27 2018 10:57:00 GMT+0000 (UTC),0.34
aws-coldstart-nodejs6-dev-memory-512,Tue Mar 27 2018 10:58:00 GMT+0000 (UTC),0.31
aws-coldstart-nodejs6-dev-memory-512,Tue Mar 27 2018 14:33:00 GMT+0000 (UTC),29.08
aws-coldstart-nodejs6-dev-memory-512,Tue Mar 27 2018 14:35:00 GMT+0000 (UTC),0.58
aws-coldstart-nodejs6-dev-memory-512,Tue Mar 27 2018 14:36:00 GMT+0000 (UTC),0.51
aws-coldstart-nodejs6-dev-memory-512,Tue Mar 27 2018 14:37:00 GMT+0000 (UTC),0.39
aws-coldstart-nodejs6-dev-memory-512,Tue Mar 27 2018 14:38:00 GMT+0000 (UTC),20.28
aws-coldstart-nodejs6-dev-memory-512,Tue Mar 27 2018 14:39:00 GMT+0000 (UTC),6.17
aws-coldstart-nodejs6-dev-memory-512,Tue Mar 27 2018 14:40:00 GMT+0000 (UTC),0.31
aws-coldstart-nodejs6-dev-memory-512,Tue Mar 27 2018 14:41:00 GMT+0000 (UTC),0.39
aws-coldstart-nodejs6-dev-memory-512,Tue Mar 27 2018 14:43:00 GMT+0000 (UTC),17.55
aws-coldstart-nodejs6-dev-memory-512,Tue Mar 27 2018 14:44:00 GMT+0000 (UTC),0.39
aws-coldstart-python2-dev-memory-512,Tue Mar 27 2018 10:50:00 GMT+0000 (UTC),1.14
aws-coldstart-python2-dev-memory-512,Tue Mar 27 2018 10:51:00 GMT+0000 (UTC),0.35
aws-coldstart-python2-dev-memory-512,Tue Mar 27 2018 10:52:00 GMT+0000 (UTC),0.43
aws-coldstart-python2-dev-memory-512,Tue Mar 27 2018 10:53:00 GMT+0000 (UTC),19.79
aws-coldstart-python2-dev-memory-512,Tue Mar 27 2018 10:54:00 GMT+0000 (UTC),10.45
aws-coldstart-python2-dev-memory-512,Tue Mar 27 2018 10:56:00 GMT+0000 (UTC),0.26
aws-coldstart-python2-dev-memory-512,Tue Mar 27 2018 10:57:00 GMT+0000 (UTC),0.34
aws-coldstart-python2-dev-memory-512,Tue Mar 27 2018 10:58:00 GMT+0000 (UTC),16.38
aws-coldstart-python2-dev-memory-512,Tue Mar 27 2018 14:33:00 GMT+0000 (UTC),0.54
aws-coldstart-python2-dev-memory-512,Tue Mar 27 2018 14:35:00 GMT+0000 (UTC),0.29
aws-coldstart-python2-dev-memory-512,Tue Mar 27 2018 14:36:00 GMT+0000 (UTC),0.33
aws-coldstart-python2-dev-memory-512,Tue Mar 27 2018 14:37:00 GMT+0000 (UTC),0.35
aws-coldstart-python2-dev-memory-512,Tue Mar 27 2018 14:38:00 GMT+0000 (UTC),12.43
aws-coldstart-python2-dev-memory-512,Tue Mar 27 2018 14:39:00 GMT+0000 (UTC),0.32
aws-coldstart-python2-dev-memory-512,Tue Mar 27 2018 14:40:00 GMT+0000 (UTC),5.05
aws-coldstart-python2-dev-memory-512,Tue Mar 27 2018 14:41:00 GMT+0000 (UTC),0.34
aws-coldstart-python2-dev-memory-512,Tue Mar 27 2018 14:43:00 GMT+0000 (UTC),0.34
aws-coldstart-python2-dev-memory-512,Tue Mar 27 2018 14:44:00 GMT+0000 (UTC),0.64
aws-coldstart-nodejs4-dev-memory-1536,Tue Mar 27 2018 10:50:00 GMT+0000 (UTC),11.03
aws-coldstart-nodejs4-dev-memory-1536,Tue Mar 27 2018 10:51:00 GMT+0000 (UTC),0.69
aws-coldstart-nodejs4-dev-memory-1536,Tue Mar 27 2018 10:52:00 GMT+0000 (UTC),12.68
aws-coldstart-nodejs4-dev-memory-1536,Tue Mar 27 2018 10:53:00 GMT+0000 (UTC),8.41
aws-coldstart-nodejs4-dev-memory-1536,Tue Mar 27 2018 10:54:00 GMT+0000 (UTC),12.26
aws-coldstart-nodejs4-dev-memory-1536,Tue Mar 27 2018 10:56:00 GMT+0000 (UTC),7.25
aws-coldstart-nodejs4-dev-memory-1536,Tue Mar 27 2018 10:57:00 GMT+0000 (UTC),6.24
aws-coldstart-nodejs4-dev-memory-1536,Tue Mar 27 2018 10:58:00 GMT+0000 (UTC),4.29
aws-coldstart-nodejs4-dev-memory-1536,Tue Mar 27 2018 14:33:00 GMT+0000 (UTC),2.37
aws-coldstart-nodejs4-dev-memory-1536,Tue Mar 27 2018 14:35:00 GMT+0000 (UTC),11.9
aws-coldstart-nodejs4-dev-memory-1536,Tue Mar 27 2018 14:36:00 GMT+0000 (UTC),1.2
aws-coldstart-nodejs4-dev-memory-1536,Tue Mar 27 2018 14:37:00 GMT+0000 (UTC),2.23
aws-coldstart-nodejs4-dev-memory-1536,Tue Mar 27 2018 14:38:00 GMT+0000 (UTC),1.86
aws-coldstart-nodejs4-dev-memory-1536,Tue Mar 27 2018 14:39:00 GMT+0000 (UTC),6.05
aws-coldstart-nodejs4-dev-memory-1536,Tue Mar 27 2018 14:40:00 GMT+0000 (UTC),4.6
aws-coldstart-nodejs4-dev-memory-1536,Tue Mar 27 2018 14:41:00 GMT+0000 (UTC),0.5
aws-coldstart-nodejs4-dev-memory-1536,Tue Mar 27 2018 14:43:00 GMT+0000 (UTC),0.5
aws-coldstart-nodejs4-dev-memory-1536,Tue Mar 27 2018 14:44:00 GMT+0000 (UTC),13.45
aws-coldstart-csharp1-dev-memory-256,Tue Mar 27 2018 10:50:00 GMT+0000 (UTC),2303.23
aws-coldstart-csharp1-dev-memory-256,Tue Mar 27 2018 10:51:00 GMT+0000 (UTC),2711.89
aws-coldstart-csharp1-dev-memory-256,Tue Mar 27 2018 10:52:00 GMT+0000 (UTC),2789.19
aws-coldstart-csharp1-dev-memory-256,Tue Mar 27 2018 10:53:00 GMT+0000 (UTC),2717
aws-coldstart-csharp1-dev-memory-256,Tue Mar 27 2018 10:54:00 GMT+0000 (UTC),2928.02
aws-coldstart-csharp1-dev-memory-256,Tue Mar 27 2018 10:56:00 GMT+0000 (UTC),3024.36
aws-coldstart-csharp1-dev-memory-256,Tue Mar 27 2018 10:57:00 GMT+0000 (UTC),2295.28
aws-coldstart-csharp1-dev-memory-256,Tue Mar 27 2018 10:58:00 GMT+0000 (UTC),2909.53
aws-coldstart-csharp1-dev-memory-256,Tue Mar 27 2018 14:33:00 GMT+0000 (UTC),2292.05
aws-coldstart-csharp1-dev-memory-256,Tue Mar 27 2018 14:35:00 GMT+0000 (UTC),2635.26
aws-coldstart-csharp1-dev-memory-256,Tue Mar 27 2018 14:36:00 GMT+0000 (UTC),2511.67
aws-coldstart-csharp1-dev-memory-256,Tue Mar 27 2018 14:37:00 GMT+0000 (UTC),2350.01
aws-coldstart-csharp1-dev-memory-256,Tue Mar 27 2018 14:38:00 GMT+0000 (UTC),2453
aws-coldstart-csharp1-dev-memory-256,Tue Mar 27 2018 14:39:00 GMT+0000 (UTC),2393.9
aws-coldstart-csharp1-dev-memory-256,Tue Mar 27 2018 14:40:00 GMT+0000 (UTC),2373.52
aws-coldstart-csharp1-dev-memory-256,Tue Mar 27 2018 14:41:00 GMT+0000 (UTC),2662.54
aws-coldstart-csharp1-dev-memory-256,Tue Mar 27 2018 14:43:00 GMT+0000 (UTC),3002.1
aws-coldstart-csharp1-dev-memory-256,Tue Mar 27 2018 14:44:00 GMT+0000 (UTC),2331.4
aws-coldstart-csharp1-dev-memory-512,Tue Mar 27 2018 10:50:00 GMT+0000 (UTC),1883.25
aws-coldstart-csharp1-dev-memory-512,Tue Mar 27 2018 10:51:00 GMT+0000 (UTC),1660.65
aws-coldstart-csharp1-dev-memory-512,Tue Mar 27 2018 10:52:00 GMT+0000 (UTC),1519.3
aws-coldstart-csharp1-dev-memory-512,Tue Mar 27 2018 10:53:00 GMT+0000 (UTC),1981.61
aws-coldstart-csharp1-dev-memory-512,Tue Mar 27 2018 10:54:00 GMT+0000 (UTC),1421.46
aws-coldstart-csharp1-dev-memory-512,Tue Mar 27 2018 10:56:00 GMT+0000 (UTC),1718.31
aws-coldstart-csharp1-dev-memory-512,Tue Mar 27 2018 10:57:00 GMT+0000 (UTC),1433.6
aws-coldstart-csharp1-dev-memory-512,Tue Mar 27 2018 10:58:00 GMT+0000 (UTC),1564.93
aws-coldstart-csharp1-dev-memory-512,Tue Mar 27 2018 14:33:00 GMT+0000 (UTC),1252.74
aws-coldstart-csharp1-dev-memory-512,Tue Mar 27 2018 14:35:00 GMT+0000 (UTC),1678.57
aws-coldstart-csharp1-dev-memory-512,Tue Mar 27 2018 14:36:00 GMT+0000 (UTC),1463.92
aws-coldstart-csharp1-dev-memory-512,Tue Mar 27 2018 14:37:00 GMT+0000 (UTC),1522.43
aws-coldstart-csharp1-dev-memory-512,Tue Mar 27 2018 14:38:00 GMT+0000 (UTC),1097.32
aws-coldstart-csharp1-dev-memory-512,Tue Mar 27 2018 14:39:00 GMT+0000 (UTC),1285.29
aws-coldstart-csharp1-dev-memory-512,Tue Mar 27 2018 14:40:00 GMT+0000 (UTC),1583.08
aws-coldstart-csharp1-dev-memory-512,Tue Mar 27 2018 14:41:00 GMT+0000 (UTC),1671.48
aws-coldstart-csharp1-dev-memory-512,Tue Mar 27 2018 14:43:00 GMT+0000 (UTC),1657.25
aws-coldstart-csharp1-dev-memory-512,Tue Mar 27 2018 14:44:00 GMT+0000 (UTC),1356.99
aws-coldstart-nodejs4-dev-memory-1024,Tue Mar 27 2018 10:50:00 GMT+0000 (UTC),3.46
aws-coldstart-nodejs4-dev-memory-1024,Tue Mar 27 2018 10:51:00 GMT+0000 (UTC),13
aws-coldstart-nodejs4-dev-memory-1024,Tue Mar 27 2018 10:52:00 GMT+0000 (UTC),15.78
aws-coldstart-nodejs4-dev-memory-1024,Tue Mar 27 2018 10:53:00 GMT+0000 (UTC),3.49
aws-coldstart-nodejs4-dev-memory-1024,Tue Mar 27 2018 10:54:00 GMT+0000 (UTC),12.69
aws-coldstart-nodejs4-dev-memory-1024,Tue Mar 27 2018 10:56:00 GMT+0000 (UTC),12.7
aws-coldstart-nodejs4-dev-memory-1024,Tue Mar 27 2018 10:57:00 GMT+0000 (UTC),1.49
aws-coldstart-nodejs4-dev-memory-1024,Tue Mar 27 2018 10:58:00 GMT+0000 (UTC),1.4
aws-coldstart-nodejs4-dev-memory-1024,Tue Mar 27 2018 14:33:00 GMT+0000 (UTC),3.4
aws-coldstart-nodejs4-dev-memory-1024,Tue Mar 27 2018 14:35:00 GMT+0000 (UTC),0.42
aws-coldstart-nodejs4-dev-memory-1024,Tue Mar 27 2018 14:36:00 GMT+0000 (UTC),0.43
aws-coldstart-nodejs4-dev-memory-1024,Tue Mar 27 2018 14:37:00 GMT+0000 (UTC),0.52
aws-coldstart-nodejs4-dev-memory-1024,Tue Mar 27 2018 14:38:00 GMT+0000 (UTC),0.42
aws-coldstart-nodejs4-dev-memory-1024,Tue Mar 27 2018 14:39:00 GMT+0000 (UTC),0.55
aws-coldstart-nodejs4-dev-memory-1024,Tue Mar 27 2018 14:40:00 GMT+0000 (UTC),0.4
aws-coldstart-nodejs4-dev-memory-1024,Tue Mar 27 2018 14:41:00 GMT+0000 (UTC),0.79
aws-coldstart-nodejs4-dev-memory-1024,Tue Mar 27 2018 14:43:00 GMT+0000 (UTC),12.59
aws-coldstart-nodejs4-dev-memory-1024,Tue Mar 27 2018 14:44:00 GMT+0000 (UTC),0.35
aws-coldstart-golang-dev-memory-1536,Tue Mar 27 2018 14:33:00 GMT+0000 (UTC),0.76
aws-coldstart-golang-dev-memory-1536,Tue Mar 27 2018 14:35:00 GMT+0000 (UTC),0.79
aws-coldstart-golang-dev-memory-1536,Tue Mar 27 2018 14:36:00 GMT+0000 (UTC),0.83
aws-coldstart-golang-dev-memory-1536,Tue Mar 27 2018 14:37:00 GMT+0000 (UTC),0.87
aws-coldstart-golang-dev-memory-1536,Tue Mar 27 2018 14:38:00 GMT+0000 (UTC),0.83
aws-coldstart-golang-dev-memory-1536,Tue Mar 27 2018 14:39:00 GMT+0000 (UTC),0.91
aws-coldstart-golang-dev-memory-1536,Tue Mar 27 2018 14:40:00 GMT+0000 (UTC),0.79
aws-coldstart-golang-dev-memory-1536,Tue Mar 27 2018 14:41:00 GMT+0000 (UTC),0.82
aws-coldstart-golang-dev-memory-1536,Tue Mar 27 2018 14:43:00 GMT+0000 (UTC),7.8
aws-coldstart-golang-dev-memory-1536,Tue Mar 27 2018 14:44:00 GMT+0000 (UTC),1.44
aws-coldstart-golang-dev-memory-512,Tue Mar 27 2018 14:33:00 GMT+0000 (UTC),0.92
aws-coldstart-golang-dev-memory-512,Tue Mar 27 2018 14:35:00 GMT+0000 (UTC),0.87
aws-coldstart-golang-dev-memory-512,Tue Mar 27 2018 14:36:00 GMT+0000 (UTC),2.89
aws-coldstart-golang-dev-memory-512,Tue Mar 27 2018 14:37:00 GMT+0000 (UTC),0.9
aws-coldstart-golang-dev-memory-512,Tue Mar 27 2018 14:38:00 GMT+0000 (UTC),0.82
aws-coldstart-golang-dev-memory-512,Tue Mar 27 2018 14:39:00 GMT+0000 (UTC),0.63
aws-coldstart-golang-dev-memory-512,Tue Mar 27 2018 14:40:00 GMT+0000 (UTC),1.09
aws-coldstart-golang-dev-memory-512,Tue Mar 27 2018 14:41:00 GMT+0000 (UTC),1.49
aws-coldstart-golang-dev-memory-512,Tue Mar 27 2018 14:43:00 GMT+0000 (UTC),2.04
aws-coldstart-golang-dev-memory-512,Tue Mar 27 2018 14:44:00 GMT+0000 (UTC),1.58
aws-coldstart-csharp2-dev-memory-1024,Tue Mar 27 2018 10:50:00 GMT+0000 (UTC),657.59
aws-coldstart-csharp2-dev-memory-1024,Tue Mar 27 2018 10:51:00 GMT+0000 (UTC),749.09
aws-coldstart-csharp2-dev-memory-1024,Tue Mar 27 2018 10:52:00 GMT+0000 (UTC),549
aws-coldstart-csharp2-dev-memory-1024,Tue Mar 27 2018 10:53:00 GMT+0000 (UTC),603.92
aws-coldstart-csharp2-dev-memory-1024,Tue Mar 27 2018 10:54:00 GMT+0000 (UTC),746.45
aws-coldstart-csharp2-dev-memory-1024,Tue Mar 27 2018 10:56:00 GMT+0000 (UTC),563.32
aws-coldstart-csharp2-dev-memory-1024,Tue Mar 27 2018 10:57:00 GMT+0000 (UTC),622.17
aws-coldstart-csharp2-dev-memory-1024,Tue Mar 27 2018 10:58:00 GMT+0000 (UTC),538.04
aws-coldstart-csharp2-dev-memory-1024,Tue Mar 27 2018 14:33:00 GMT+0000 (UTC),507.13
aws-coldstart-csharp2-dev-memory-1024,Tue Mar 27 2018 14:35:00 GMT+0000 (UTC),930.78
aws-coldstart-csharp2-dev-memory-1024,Tue Mar 27 2018 14:36:00 GMT+0000 (UTC),1027.83
aws-coldstart-csharp2-dev-memory-1024,Tue Mar 27 2018 14:37:00 GMT+0000 (UTC),547.38
aws-coldstart-csharp2-dev-memory-1024,Tue Mar 27 2018 14:38:00 GMT+0000 (UTC),581.22
aws-coldstart-csharp2-dev-memory-1024,Tue Mar 27 2018 14:39:00 GMT+0000 (UTC),445.87
aws-coldstart-csharp2-dev-memory-1024,Tue Mar 27 2018 14:40:00 GMT+0000 (UTC),477.16
aws-coldstart-csharp2-dev-memory-1024,Tue Mar 27 2018 14:41:00 GMT+0000 (UTC),466.36
aws-coldstart-csharp2-dev-memory-1024,Tue Mar 27 2018 14:43:00 GMT+0000 (UTC),524.67
aws-coldstart-csharp2-dev-memory-1024,Tue Mar 27 2018 14:44:00 GMT+0000 (UTC),694.38
aws-coldstart-nodejs4-dev-memory-128,Tue Mar 27 2018 10:50:00 GMT+0000 (UTC),3.55
aws-coldstart-nodejs4-dev-memory-128,Tue Mar 27 2018 10:51:00 GMT+0000 (UTC),3.16
aws-coldstart-nodejs4-dev-memory-128,Tue Mar 27 2018 10:52:00 GMT+0000 (UTC),0.42
aws-coldstart-nodejs4-dev-memory-128,Tue Mar 27 2018 10:53:00 GMT+0000 (UTC),6.99
aws-coldstart-nodejs4-dev-memory-128,Tue Mar 27 2018 10:54:00 GMT+0000 (UTC),28.52
aws-coldstart-nodejs4-dev-memory-128,Tue Mar 27 2018 10:56:00 GMT+0000 (UTC),0.46
aws-coldstart-nodejs4-dev-memory-128,Tue Mar 27 2018 10:57:00 GMT+0000 (UTC),0.26
aws-coldstart-nodejs4-dev-memory-128,Tue Mar 27 2018 10:58:00 GMT+0000 (UTC),0.26
aws-coldstart-nodejs4-dev-memory-128,Tue Mar 27 2018 14:33:00 GMT+0000 (UTC),13.96
aws-coldstart-nodejs4-dev-memory-128,Tue Mar 27 2018 14:35:00 GMT+0000 (UTC),0.61
aws-coldstart-nodejs4-dev-memory-128,Tue Mar 27 2018 14:36:00 GMT+0000 (UTC),0.49
aws-coldstart-nodejs4-dev-memory-128,Tue Mar 27 2018 14:37:00 GMT+0000 (UTC),0.4
aws-coldstart-nodejs4-dev-memory-128,Tue Mar 27 2018 14:38:00 GMT+0000 (UTC),0.54
aws-coldstart-nodejs4-dev-memory-128,Tue Mar 27 2018 14:39:00 GMT+0000 (UTC),0.34
aws-coldstart-nodejs4-dev-memory-128,Tue Mar 27 2018 14:40:00 GMT+0000 (UTC),1.8
aws-coldstart-nodejs4-dev-memory-128,Tue Mar 27 2018 14:41:00 GMT+0000 (UTC),0.4
aws-coldstart-nodejs4-dev-memory-128,Tue Mar 27 2018 14:43:00 GMT+0000 (UTC),11.42
aws-coldstart-nodejs4-dev-memory-128,Tue Mar 27 2018 14:44:00 GMT+0000 (UTC),0.41
aws-coldstart-csharp1-dev-memory-128,Tue Mar 27 2018 10:50:00 GMT+0000 (UTC),5219.64
aws-coldstart-csharp1-dev-memory-128,Tue Mar 27 2018 10:51:00 GMT+0000 (UTC),5775.32
aws-coldstart-csharp1-dev-memory-128,Tue Mar 27 2018 10:52:00 GMT+0000 (UTC),4745.73
aws-coldstart-csharp1-dev-memory-128,Tue Mar 27 2018 10:53:00 GMT+0000 (UTC),5213.5
aws-coldstart-csharp1-dev-memory-128,Tue Mar 27 2018 10:54:00 GMT+0000 (UTC),5767.45
aws-coldstart-csharp1-dev-memory-128,Tue Mar 27 2018 10:56:00 GMT+0000 (UTC),5390.87
aws-coldstart-csharp1-dev-memory-128,Tue Mar 27 2018 10:57:00 GMT+0000 (UTC),5474.91
aws-coldstart-csharp1-dev-memory-128,Tue Mar 27 2018 10:58:00 GMT+0000 (UTC),4821.54
aws-coldstart-csharp1-dev-memory-128,Tue Mar 27 2018 14:33:00 GMT+0000 (UTC),5331.04
aws-coldstart-csharp1-dev-memory-128,Tue Mar 27 2018 14:35:00 GMT+0000 (UTC),4697.48
aws-coldstart-csharp1-dev-memory-128,Tue Mar 27 2018 14:36:00 GMT+0000 (UTC),4848.73
aws-coldstart-csharp1-dev-memory-128,Tue Mar 27 2018 14:37:00 GMT+0000 (UTC),5423.51
aws-coldstart-csharp1-dev-memory-128,Tue Mar 27 2018 14:38:00 GMT+0000 (UTC),5064.82
aws-coldstart-csharp1-dev-memory-128,Tue Mar 27 2018 14:39:00 GMT+0000 (UTC),4999.4
aws-coldstart-csharp1-dev-memory-128,Tue Mar 27 2018 14:40:00 GMT+0000 (UTC),5172.17
aws-coldstart-csharp1-dev-memory-128,Tue Mar 27 2018 14:41:00 GMT+0000 (UTC),6006.19
aws-coldstart-csharp1-dev-memory-128,Tue Mar 27 2018 14:43:00 GMT+0000 (UTC),4431.1
aws-coldstart-csharp1-dev-memory-128,Tue Mar 27 2018 14:44:00 GMT+0000 (UTC),126.84
aws-coldstart-csharp2-dev-memory-512,Tue Mar 27 2018 10:50:00 GMT+0000 (UTC),1288.35
aws-coldstart-csharp2-dev-memory-512,Tue Mar 27 2018 10:51:00 GMT+0000 (UTC),983.01
aws-coldstart-csharp2-dev-memory-512,Tue Mar 27 2018 10:52:00 GMT+0000 (UTC),1082.68
aws-coldstart-csharp2-dev-memory-512,Tue Mar 27 2018 10:53:00 GMT+0000 (UTC),1184.41
aws-coldstart-csharp2-dev-memory-512,Tue Mar 27 2018 10:54:00 GMT+0000 (UTC),950.23
aws-coldstart-csharp2-dev-memory-512,Tue Mar 27 2018 10:56:00 GMT+0000 (UTC),1146.5
aws-coldstart-csharp2-dev-memory-512,Tue Mar 27 2018 10:57:00 GMT+0000 (UTC),1033.13
aws-coldstart-csharp2-dev-memory-512,Tue Mar 27 2018 10:58:00 GMT+0000 (UTC),948.59
aws-coldstart-csharp2-dev-memory-512,Tue Mar 27 2018 14:33:00 GMT+0000 (UTC),922.9
aws-coldstart-csharp2-dev-memory-512,Tue Mar 27 2018 14:35:00 GMT+0000 (UTC),1300.91
aws-coldstart-csharp2-dev-memory-512,Tue Mar 27 2018 14:36:00 GMT+0000 (UTC),875.9
aws-coldstart-csharp2-dev-memory-512,Tue Mar 27 2018 14:37:00 GMT+0000 (UTC),884.4
aws-coldstart-csharp2-dev-memory-512,Tue Mar 27 2018 14:38:00 GMT+0000 (UTC),694.16
aws-coldstart-csharp2-dev-memory-512,Tue Mar 27 2018 14:39:00 GMT+0000 (UTC),784.2
aws-coldstart-csharp2-dev-memory-512,Tue Mar 27 2018 14:40:00 GMT+0000 (UTC),846.87
aws-coldstart-csharp2-dev-memory-512,Tue Mar 27 2018 14:41:00 GMT+0000 (UTC),944.56
aws-coldstart-csharp2-dev-memory-512,Tue Mar 27 2018 14:43:00 GMT+0000 (UTC),962.2
aws-coldstart-csharp2-dev-memory-512,Tue Mar 27 2018 14:44:00 GMT+0000 (UTC),1055.43
aws-coldstart-java-dev-memory-256,Tue Mar 27 2018 10:50:00 GMT+0000 (UTC),2750.58
aws-coldstart-java-dev-memory-256,Tue Mar 27 2018 10:51:00 GMT+0000 (UTC),2498.07
aws-coldstart-java-dev-memory-256,Tue Mar 27 2018 10:52:00 GMT+0000 (UTC),3126.98
aws-coldstart-java-dev-memory-256,Tue Mar 27 2018 10:53:00 GMT+0000 (UTC),2894.16
aws-coldstart-java-dev-memory-256,Tue Mar 27 2018 10:54:00 GMT+0000 (UTC),2828.26
aws-coldstart-java-dev-memory-256,Tue Mar 27 2018 10:56:00 GMT+0000 (UTC),2826.18
aws-coldstart-java-dev-memory-256,Tue Mar 27 2018 10:57:00 GMT+0000 (UTC),2726.5
aws-coldstart-java-dev-memory-256,Tue Mar 27 2018 10:58:00 GMT+0000 (UTC),2965.38
aws-coldstart-java-dev-memory-256,Tue Mar 27 2018 14:33:00 GMT+0000 (UTC),2661.57
aws-coldstart-java-dev-memory-256,Tue Mar 27 2018 14:35:00 GMT+0000 (UTC),2759.81
aws-coldstart-java-dev-memory-256,Tue Mar 27 2018 14:36:00 GMT+0000 (UTC),3149.06
aws-coldstart-java-dev-memory-256,Tue Mar 27 2018 14:37:00 GMT+0000 (UTC),2722.72
aws-coldstart-java-dev-memory-256,Tue Mar 27 2018 14:38:00 GMT+0000 (UTC),2522.73
aws-coldstart-java-dev-memory-256,Tue Mar 27 2018 14:39:00 GMT+0000 (UTC),3069.82
aws-coldstart-java-dev-memory-256,Tue Mar 27 2018 14:40:00 GMT+0000 (UTC),2858.68
aws-coldstart-java-dev-memory-256,Tue Mar 27 2018 14:41:00 GMT+0000 (UTC),2657.72
aws-coldstart-java-dev-memory-256,Tue Mar 27 2018 14:43:00 GMT+0000 (UTC),2669.34
aws-coldstart-java-dev-memory-256,Tue Mar 27 2018 14:44:00 GMT+0000 (UTC),2598.96
aws-coldstart-nodejs6-dev-memory-256,Tue Mar 27 2018 10:50:00 GMT+0000 (UTC),12.91
aws-coldstart-nodejs6-dev-memory-256,Tue Mar 27 2018 10:51:00 GMT+0000 (UTC),29.58
aws-coldstart-nodejs6-dev-memory-256,Tue Mar 27 2018 10:52:00 GMT+0000 (UTC),0.54
aws-coldstart-nodejs6-dev-memory-256,Tue Mar 27 2018 10:53:00 GMT+0000 (UTC),4.48
aws-coldstart-nodejs6-dev-memory-256,Tue Mar 27 2018 10:54:00 GMT+0000 (UTC),4.48
aws-coldstart-nodejs6-dev-memory-256,Tue Mar 27 2018 10:56:00 GMT+0000 (UTC),10.07
aws-coldstart-nodejs6-dev-memory-256,Tue Mar 27 2018 10:57:00 GMT+0000 (UTC),0.62
aws-coldstart-nodejs6-dev-memory-256,Tue Mar 27 2018 10:58:00 GMT+0000 (UTC),0.57
aws-coldstart-nodejs6-dev-memory-256,Tue Mar 27 2018 14:33:00 GMT+0000 (UTC),3.33
aws-coldstart-nodejs6-dev-memory-256,Tue Mar 27 2018 14:35:00 GMT+0000 (UTC),0.46
aws-coldstart-nodejs6-dev-memory-256,Tue Mar 27 2018 14:36:00 GMT+0000 (UTC),7.84
aws-coldstart-nodejs6-dev-memory-256,Tue Mar 27 2018 14:37:00 GMT+0000 (UTC),38.29
aws-coldstart-nodejs6-dev-memory-256,Tue Mar 27 2018 14:38:00 GMT+0000 (UTC),0.41
aws-coldstart-nodejs6-dev-memory-256,Tue Mar 27 2018 14:39:00 GMT+0000 (UTC),0.43
aws-coldstart-nodejs6-dev-memory-256,Tue Mar 27 2018 14:40:00 GMT+0000 (UTC),0.33
aws-coldstart-nodejs6-dev-memory-256,Tue Mar 27 2018 14:41:00 GMT+0000 (UTC),0.42
aws-coldstart-nodejs6-dev-memory-256,Tue Mar 27 2018 14:43:00 GMT+0000 (UTC),0.37
aws-coldstart-nodejs6-dev-memory-256,Tue Mar 27 2018 14:44:00 GMT+0000 (UTC),15.74
aws-coldstart-csharp2-dev-memory-128,Tue Mar 27 2018 10:50:00 GMT+0000 (UTC),3385.87
aws-coldstart-csharp2-dev-memory-128,Tue Mar 27 2018 10:51:00 GMT+0000 (UTC),3781.78
aws-coldstart-csharp2-dev-memory-128,Tue Mar 27 2018 10:52:00 GMT+0000 (UTC),3043.42
aws-coldstart-csharp2-dev-memory-128,Tue Mar 27 2018 10:53:00 GMT+0000 (UTC),3833.94
aws-coldstart-csharp2-dev-memory-128,Tue Mar 27 2018 10:54:00 GMT+0000 (UTC),3910.79
aws-coldstart-csharp2-dev-memory-128,Tue Mar 27 2018 10:56:00 GMT+0000 (UTC),3932.63
aws-coldstart-csharp2-dev-memory-128,Tue Mar 27 2018 10:57:00 GMT+0000 (UTC),3892.03
aws-coldstart-csharp2-dev-memory-128,Tue Mar 27 2018 10:58:00 GMT+0000 (UTC),2855.29
aws-coldstart-csharp2-dev-memory-128,Tue Mar 27 2018 14:33:00 GMT+0000 (UTC),3264.6
aws-coldstart-csharp2-dev-memory-128,Tue Mar 27 2018 14:35:00 GMT+0000 (UTC),3025.41
aws-coldstart-csharp2-dev-memory-128,Tue Mar 27 2018 14:36:00 GMT+0000 (UTC),3393.63
aws-coldstart-csharp2-dev-memory-128,Tue Mar 27 2018 14:37:00 GMT+0000 (UTC),3567.7
aws-coldstart-csharp2-dev-memory-128,Tue Mar 27 2018 14:38:00 GMT+0000 (UTC),4133.88
aws-coldstart-csharp2-dev-memory-128,Tue Mar 27 2018 14:39:00 GMT+0000 (UTC),2948.15
aws-coldstart-csharp2-dev-memory-128,Tue Mar 27 2018 14:40:00 GMT+0000 (UTC),3426.7
aws-coldstart-csharp2-dev-memory-128,Tue Mar 27 2018 14:41:00 GMT+0000 (UTC),4703.66
aws-coldstart-csharp2-dev-memory-128,Tue Mar 27 2018 14:43:00 GMT+0000 (UTC),3084.31
aws-coldstart-csharp2-dev-memory-128,Tue Mar 27 2018 14:44:00 GMT+0000 (UTC),3423.29
aws-coldstart-nodejs6-dev-memory-1536,Tue Mar 27 2018 10:50:00 GMT+0000 (UTC),2.29
aws-coldstart-nodejs6-dev-memory-1536,Tue Mar 27 2018 10:51:00 GMT+0000 (UTC),10.2
aws-coldstart-nodejs6-dev-memory-1536,Tue Mar 27 2018 10:52:00 GMT+0000 (UTC),0.52
aws-coldstart-nodejs6-dev-memory-1536,Tue Mar 27 2018 10:53:00 GMT+0000 (UTC),13.85
aws-coldstart-nodejs6-dev-memory-1536,Tue Mar 27 2018 10:54:00 GMT+0000 (UTC),10.31
aws-coldstart-nodejs6-dev-memory-1536,Tue Mar 27 2018 10:56:00 GMT+0000 (UTC),16.43
aws-coldstart-nodejs6-dev-memory-1536,Tue Mar 27 2018 10:57:00 GMT+0000 (UTC),2.15
aws-coldstart-nodejs6-dev-memory-1536,Tue Mar 27 2018 10:58:00 GMT+0000 (UTC),4.98
aws-coldstart-nodejs6-dev-memory-1536,Tue Mar 27 2018 14:33:00 GMT+0000 (UTC),2.14
aws-coldstart-nodejs6-dev-memory-1536,Tue Mar 27 2018 14:35:00 GMT+0000 (UTC),5.63
aws-coldstart-nodejs6-dev-memory-1536,Tue Mar 27 2018 14:36:00 GMT+0000 (UTC),0.34
aws-coldstart-nodejs6-dev-memory-1536,Tue Mar 27 2018 14:37:00 GMT+0000 (UTC),6.14
aws-coldstart-nodejs6-dev-memory-1536,Tue Mar 27 2018 14:38:00 GMT+0000 (UTC),11.97
aws-coldstart-nodejs6-dev-memory-1536,Tue Mar 27 2018 14:39:00 GMT+0000 (UTC),0.57
aws-coldstart-nodejs6-dev-memory-1536,Tue Mar 27 2018 14:40:00 GMT+0000 (UTC),0.48
aws-coldstart-nodejs6-dev-memory-1536,Tue Mar 27 2018 14:41:00 GMT+0000 (UTC),0.47
aws-coldstart-nodejs6-dev-memory-1536,Tue Mar 27 2018 14:43:00 GMT+0000 (UTC),0.86
aws-coldstart-nodejs6-dev-memory-1536,Tue Mar 27 2018 14:44:00 GMT+0000 (UTC),0.47
aws-coldstart-golang-dev-memory-128,Tue Mar 27 2018 14:31:00 GMT+0000 (UTC),19.42
aws-coldstart-golang-dev-memory-128,Tue Mar 27 2018 14:33:00 GMT+0000 (UTC),9.21
aws-coldstart-golang-dev-memory-128,Tue Mar 27 2018 14:35:00 GMT+0000 (UTC),12.33
aws-coldstart-golang-dev-memory-128,Tue Mar 27 2018 14:36:00 GMT+0000 (UTC),1.36
aws-coldstart-golang-dev-memory-128,Tue Mar 27 2018 14:37:00 GMT+0000 (UTC),11.35
aws-coldstart-golang-dev-memory-128,Tue Mar 27 2018 14:38:00 GMT+0000 (UTC),11.82
aws-coldstart-golang-dev-memory-128,Tue Mar 27 2018 14:39:00 GMT+0000 (UTC),14.43
aws-coldstart-golang-dev-memory-128,Tue Mar 27 2018 14:40:00 GMT+0000 (UTC),0.7
aws-coldstart-golang-dev-memory-128,Tue Mar 27 2018 14:41:00 GMT+0000 (UTC),7.51
aws-coldstart-golang-dev-memory-128,Tue Mar 27 2018 14:43:00 GMT+0000 (UTC),7.02
aws-coldstart-golang-dev-memory-128,Tue Mar 27 2018 14:44:00 GMT+0000 (UTC),5.55
aws-coldstart-csharp2-dev-memory-256,Tue Mar 27 2018 10:50:00 GMT+0000 (UTC),1838.86
aws-coldstart-csharp2-dev-memory-256,Tue Mar 27 2018 10:51:00 GMT+0000 (UTC),1802.67
aws-coldstart-csharp2-dev-memory-256,Tue Mar 27 2018 10:52:00 GMT+0000 (UTC),2282.91
aws-coldstart-csharp2-dev-memory-256,Tue Mar 27 2018 10:53:00 GMT+0000 (UTC),1963.06
aws-coldstart-csharp2-dev-memory-256,Tue Mar 27 2018 10:54:00 GMT+0000 (UTC),1978.42
aws-coldstart-csharp2-dev-memory-256,Tue Mar 27 2018 10:56:00 GMT+0000 (UTC),1890.65
aws-coldstart-csharp2-dev-memory-256,Tue Mar 27 2018 10:57:00 GMT+0000 (UTC),1923.11
aws-coldstart-csharp2-dev-memory-256,Tue Mar 27 2018 10:58:00 GMT+0000 (UTC),1382
aws-coldstart-csharp2-dev-memory-256,Tue Mar 27 2018 14:33:00 GMT+0000 (UTC),1521.59
aws-coldstart-csharp2-dev-memory-256,Tue Mar 27 2018 14:35:00 GMT+0000 (UTC),1815.26
aws-coldstart-csharp2-dev-memory-256,Tue Mar 27 2018 14:36:00 GMT+0000 (UTC),2057.15
aws-coldstart-csharp2-dev-memory-256,Tue Mar 27 2018 14:37:00 GMT+0000 (UTC),1623.4
aws-coldstart-csharp2-dev-memory-256,Tue Mar 27 2018 14:38:00 GMT+0000 (UTC),2067.19
aws-coldstart-csharp2-dev-memory-256,Tue Mar 27 2018 14:39:00 GMT+0000 (UTC),1820.39
aws-coldstart-csharp2-dev-memory-256,Tue Mar 27 2018 14:40:00 GMT+0000 (UTC),1644.86
aws-coldstart-csharp2-dev-memory-256,Tue Mar 27 2018 14:41:00 GMT+0000 (UTC),1889
aws-coldstart-csharp2-dev-memory-256,Tue Mar 27 2018 14:43:00 GMT+0000 (UTC),1748.6
aws-coldstart-csharp2-dev-memory-256,Tue Mar 27 2018 14:44:00 GMT+0000 (UTC),2011.01
aws-coldstart-python3-dev-memory-256,Tue Mar 27 2018 10:50:00 GMT+0000 (UTC),1.98
aws-coldstart-python3-dev-memory-256,Tue Mar 27 2018 10:51:00 GMT+0000 (UTC),8.58
aws-coldstart-python3-dev-memory-256,Tue Mar 27 2018 10:52:00 GMT+0000 (UTC),0.5
aws-coldstart-python3-dev-memory-256,Tue Mar 27 2018 10:53:00 GMT+0000 (UTC),0.61
aws-coldstart-python3-dev-memory-256,Tue Mar 27 2018 10:54:00 GMT+0000 (UTC),9.37
aws-coldstart-python3-dev-memory-256,Tue Mar 27 2018 10:56:00 GMT+0000 (UTC),0.49
aws-coldstart-python3-dev-memory-256,Tue Mar 27 2018 10:57:00 GMT+0000 (UTC),0.51
aws-coldstart-python3-dev-memory-256,Tue Mar 27 2018 10:58:00 GMT+0000 (UTC),0.54
aws-coldstart-python3-dev-memory-256,Tue Mar 27 2018 14:33:00 GMT+0000 (UTC),6.66
aws-coldstart-python3-dev-memory-256,Tue Mar 27 2018 14:35:00 GMT+0000 (UTC),0.27
aws-coldstart-python3-dev-memory-256,Tue Mar 27 2018 14:36:00 GMT+0000 (UTC),0.3
aws-coldstart-python3-dev-memory-256,Tue Mar 27 2018 14:37:00 GMT+0000 (UTC),0.27
aws-coldstart-python3-dev-memory-256,Tue Mar 27 2018 14:38:00 GMT+0000 (UTC),0.26
aws-coldstart-python3-dev-memory-256,Tue Mar 27 2018 14:39:00 GMT+0000 (UTC),0.28
aws-coldstart-python3-dev-memory-256,Tue Mar 27 2018 14:40:00 GMT+0000 (UTC),0.29
aws-coldstart-python3-dev-memory-256,Tue Mar 27 2018 14:41:00 GMT+0000 (UTC),0.63
aws-coldstart-python3-dev-memory-256,Tue Mar 27 2018 14:43:00 GMT+0000 (UTC),4.88
aws-coldstart-python3-dev-memory-256,Tue Mar 27 2018 14:44:00 GMT+0000 (UTC),18.06
aws-coldstart-java-dev-memory-128,Tue Mar 27 2018 10:50:00 GMT+0000 (UTC),6006.17
aws-coldstart-java-dev-memory-128,Tue Mar 27 2018 10:51:00 GMT+0000 (UTC),5397.21
aws-coldstart-java-dev-memory-128,Tue Mar 27 2018 10:52:00 GMT+0000 (UTC),5730.52
aws-coldstart-java-dev-memory-128,Tue Mar 27 2018 10:53:00 GMT+0000 (UTC),5636.14
aws-coldstart-java-dev-memory-128,Tue Mar 27 2018 10:54:00 GMT+0000 (UTC),5824.02
aws-coldstart-java-dev-memory-128,Tue Mar 27 2018 10:56:00 GMT+0000 (UTC),5771.83
aws-coldstart-java-dev-memory-128,Tue Mar 27 2018 10:57:00 GMT+0000 (UTC),5314.1
aws-coldstart-java-dev-memory-128,Tue Mar 27 2018 10:58:00 GMT+0000 (UTC),5159.71
aws-coldstart-java-dev-memory-128,Tue Mar 27 2018 14:33:00 GMT+0000 (UTC),5469.34
aws-coldstart-java-dev-memory-128,Tue Mar 27 2018 14:35:00 GMT+0000 (UTC),5614.6
aws-coldstart-java-dev-memory-128,Tue Mar 27 2018 14:36:00 GMT+0000 (UTC),5517.29
aws-coldstart-java-dev-memory-128,Tue Mar 27 2018 14:37:00 GMT+0000 (UTC),5132.15
aws-coldstart-java-dev-memory-128,Tue Mar 27 2018 14:38:00 GMT+0000 (UTC),5685.81
aws-coldstart-java-dev-memory-128,Tue Mar 27 2018 14:39:00 GMT+0000 (UTC),5444.94
aws-coldstart-java-dev-memory-128,Tue Mar 27 2018 14:40:00 GMT+0000 (UTC),5832.36
aws-coldstart-java-dev-memory-128,Tue Mar 27 2018 14:41:00 GMT+0000 (UTC),5367.08
aws-coldstart-java-dev-memory-128,Tue Mar 27 2018 14:43:00 GMT+0000 (UTC),5418.5
aws-coldstart-java-dev-memory-128,Tue Mar 27 2018 14:44:00 GMT+0000 (UTC),5523.9
